Design improvement,Visualizations decompose into,"distributed object store free space 
",design enhancement
Decouple,Repository dependency hierarchy,component review approval status,
Enhance process,Enhance installing dependency,Processing state runner,improve process
Refactoring controller,Enhancement displaying,Performance improvement,
run unless,Enhance setting to,Adjust logic module,
Job state,Merge chnages,Merge job changes,
refactoring job preparation,Enhance display,Dependency resolution,
applications module,Merged in,Context dependency resolution,
Eliminate  resource mappers api classes,Rename reference,Api properly,
Remove reference method,Enhancement api enable,augment,
refactoring,Repository dependency,Run multiple simultaniously,
Relocate component,Refactor data,Dependency same directory,
Put into component,,Data library,
Refactoring into component,Refactor display,infrastructure,
Add component,Better design ui,monitor thread,
Move,Dependency package install,Enhance generation process,
Improve structure,Dependency status model,Dependency hierarchy,
Separate modules,Refactor viewer code,Refactor logic,
Move module,Integration menu design changes ,,
Moved API,Fix module,,
Refactor modules,Ui design improvement,,
Breakup function smaller,,,
Improve method run job,,,
Moved threads,,,
Job concurrency,,,
Implement layer,,,
Expose functionality wrappers,,,
Add dependency,,,
Remove dependency,,Rework update method,
Circular dependency,Modify test framework,Stop process,
Message queue IPC,,Runtime discovery,
Performance optimization,,New method,
Extended module,,,
Refactor module,,,
Add wrapper,,,
Infrastructure enhancements,,,
infrastructure improvements,,,
Add layer,,,
Infrastructure glue,,,
Add module,,,
Delegate methods module,,,
Better design,Better ui design,,
Refactor smaller mixin,,,
Add parent model,,,
Separated out,,,
Truncate into layer,,,
Api enhancement,,,
Enhance api,,,
Include every folder,,,
Enhance dependency package,,,
Create new classes,,,
Unifying approaches,,,
Codebase improvement,,,
API improvement,,,
Compatibility enhancements,,,
Refactor interaction,,,
Move functions module,,,
Break smaller pieces,,,
Implement job,,,
Implement plugin framework,,,
Switched runtime retention,,Resistent future module change,
Improve efficiency method,,Construct application differently,
Method instance module,,Refactor code,
Split out,Create UI component,Add method,
Convert use dependencies,,Add preprocessor,
Leaves dependency,,Migrate to,
Move,,Add to runtime,
Add interface objects,,Make structure understand,
Migrate to package,,Remove method API,
Remove API,,Update import package,
Merge interface component,Merge user interface component,Code package structure,
Merge,Merging from sites,Refactor component,
Simplify component structure,Merging from sources,Extend component,
Use simpler package,Updating components,Change protected private,
Refactor functionality,,Method result performance,
Split separate,,Core mechanism services,
Eliminate dependencies,,Runtime discovery,
Cleanup internal structure reference,,Deadlock problem service,
Eliminate interface,Eliminate user interface,Fix one to extend another,
Push logic,Dependency resolution UI,Make method interface,
Added compile time dependency,,Add method instances,
New encapsulate logic,,,
Break dependency,,,
Relocate module,,,
Dependencies contain component,,,
Separate thread,,,
Remove queue code,,,
Remove synchronized code,,,
Pass through adapter,,,
Interface addition,User interface addition,,
Make plugin,Merge branch,,
Replace functionality,Integration work ,,
More layer,,,
Make layer,,,
migrate module,,,
design enhancement,,,
improve process,,,
Make layer,,,
merge mixin,,,
add new class,,,
merge components,merge ui components,,
improvement,,,
entity structure,,,
move class,,,
package restructuring,,,
separating internal packages ,,,
inheritance,,,
reference generator factory,,,
moved,,,
refactoring dependency module,,,
dependencies included modules,,,
add module,,,
module distribution,,,
merge implementation,,,
architecture extension,,,
move away ,,,
deployment architecture,,,
proxy,,,
decorator,,,
child extend,,,
wrapping,,,
modules dependency,,,
dependency exclusions,,,
loader redesign,,,
high level,,,
visitor pattern,,,
design,,,
model,,,
inheritance hierarchy,,,
relational model,,,
add interface,,,
designed improved,,,
module integration,,,
components pushed,,,
package splitting,,,
package  explosion,,,
Depenedency cycle,,,
Wrapper package,,,
integrating runtime model,,,
model design ,,,
model relational mapping ,,,
tight coupling,,,
nested structure,,,
"redesign, retrofitted",,,
splitting modules,,,
exporting module,,,
centralized access,,,
Module merged,,,
independent module,,,
new model,,,
 hierarchy package,,,
integration,,,
roundtrip engineering,,,
dependency class,,,
reverse engineering,,,
restructuring,,,
package strcuture,,,
reverse engineering,,,
modular extensable structure,,,
plugin extension model,,,
higher level package,,,
reassign component,,,
concerned interaction,,,
together architecture,,,
remove cyclic dependency,,,
"distributed object store free space
",,,
component review approval status,,,
Processing state runner,,,
Performance improvement,,,
Adjust logic module,,,
Merge job changes,,,
Dependency resolution,,,
Context dependency resolution,,,
Api properly,,,
augment,,,
Run multiple simultaniously,,,
Dependency same directory,,,
Data library,,,
infrastructure,,,
monitor thread,,,
Enhance generation process,,,
Dependency hierarchy,,,
Refactor logic,,,
Rework update method,,,
Stop process,,,
Runtime discovery,,,
New method,,,
Resistent future module change,,,
Construct application differently,,,
Refactor code,,,
Add object,,,
Add preprocessor,,,
Migrate,,,
Add runtime,,,
Make structure understand,,,
Remove method API,,,
Update import package,,,
Code package structure,,,
Refactor component,,,
Extend component,,,
Change protected private,,,
Method result performance,,,
Core mechanism services,,,
Runtime discovery,,,
Deadlock problem service,,,
Fix one extend another,,,
Make method interface,,,
Add method instances,,,
