store,1
procedur,1
track,1
jta,1
synch,1
registr,1
thread,1
infinispan,1
cach,1
region,1
evict,1
transact,1
situat,1
data,1
access,1
session,1
snapshot,1
function,1
initi,1
renam,1
reorg,1
abstractloadplanbuildingassociationvisitationstrategi,1
document,1
orm,1
modul,1
integr,1
entitykey,1
synchron,1
block,1
lazili,1
abil,1
notifi,1
event,1
tool,1
directori,1
metamodelgen,1
ascidoc,1
docbook,1
superclass,1
svn,1
paramet,0.75
delet,0.75
support,0.727272727
call,0.666666667
happen,0.666666667
relax,0.666666667
time,0.666666667
style,0.666666667
correctli,0.666666667
file,0.625
output,0.6
collect,0.6
type,0.6
map,0.571428571
ad,0.555555556
npe,0.5
configur,0.5
updat,0.5
creat,0.5
topic,0.5
deprec,0.5
proxi,0.5
code,0.5
conflict,0.5
jpa,0.5
multipl,0.5
loadplan,0.5
project,0.5
root,0.5
convert,0.5
discov,0.5
readm,0.5
hibern,0.5
annot,0.5
check,0.5
unus,0.5
wrong,0.5
checkstyl,0.444444444
guid,0.4
add,0.368421053
gener,0.333333333
build,0.333333333
default,0.333333333
properti,0.333333333
chang,0.333333333
sinc,0.333333333
releas,0.272727273
cleanup,0.269230769
remov,0.263157895
move,0.25
target,0.25
warn,0.25
messag,0.25
replac,0.25
set,0.2
task,0.2
improv,0.166666667
test,0.142857143
queri,0.142857143
correct,0.142857143
javadoc,0.125
merg,0.04
