dep,1
pick,1
commit,1
tabl,1
quot,1
log,1
list,1
testcas,1
entitygraph,1
load,1
flush,1
select,1
lock,1
mode,1
valid,1
actual,1
specif,1
doc,1
returntyp,1
osgi,1
plan,1
write,1
discriminatorvalu,1
discriminatorcolumn,1
combin,1
nake,1
invalid,1
timeout,1
quickstart,1
implement,1
spi,1
intern,1
jpql,1
revert,1
javadoc,0.875
queri,0.857142857
task,0.8
correct,0.785714286
fail,0.75
warn,0.75
messag,0.75
cleanup,0.692307692
clean,0.666666667
chang,0.666666667
properti,0.666666667
format,0.666666667
improv,0.666666667
sinc,0.666666667
build,0.666666667
move,0.625
test,0.619047619
guid,0.6
gener,0.571428571
checkstyl,0.555555556
column,0.5
render,0.5
creat,0.5
topic,0.5
loadplan,0.5
multipl,0.5
annot,0.5
check,0.5
deprec,0.5
npe,0.5
hibern,0.5
handl,0.5
convert,0.5
wrong,0.5
caus,0.5
jpa,0.5
templat,0.5
conflict,0.5
attribut,0.5
typo,0.5
root,0.5
readm,0.5
key,0.5
failur,0.5
discov,0.5
error,0.5
proxi,0.5
releas,0.454545455
map,0.428571429
remov,0.421052632
add,0.421052632
type,0.4
set,0.4
updat,0.333333333
correctli,0.333333333
call,0.333333333
time,0.333333333
relax,0.333333333
default,0.333333333
happen,0.333333333
support,0.272727273
delet,0.25
replac,0.25
ad,0.222222222
collect,0.2
file,0.125
