dep,1
pick,1
instanci,1
inherit,1
partial,1
unnecessari,1
secur,1
aggreg,1
polymorph,1
lock,1
mode,1
realli,1
actual,1
enrich,1
specif,1
includ,1
predic,1
filter,1
embed,1
combin,1
specifi,1
minor,1
blank,1
explicitli,1
refer,1
logic,1
constraint,1
invalid,1
expect,1
avoid,1
extens,1
broken,1
standarddialectresolv,1
implement,1
cascad,1
revert,1
temporari,1
excess,1
correct,0.785714286
fail,0.75
warn,0.75
cleanup,0.692307692
clean,0.666666667
chang,0.666666667
format,0.666666667
improv,0.666666667
sinc,0.666666667
build,0.666666667
move,0.625
guid,0.6
gener,0.571428571
render,0.5
creat,0.5
multipl,0.5
deprec,0.5
convert,0.5
wrong,0.5
caus,0.5
templat,0.5
conflict,0.5
failur,0.5
discov,0.5
error,0.5
proxi,0.5
releas,0.454545455
map,0.428571429
remov,0.421052632
updat,0.333333333
call,0.333333333
