store,1
track,1
synch,1
deal,1
situat,1
outsid,1
normal,1
pfer,1
issu,1
manag,1
verifi,1
pass,1
function,1
initi,1
renam,1
relat,1
reorg,1
valu,1
featur,1
synchronizationcallbackcoordin,1
hang,1
consum,1
lot,1
memori,1
synchron,1
block,1
wrap,1
unwrap,1
lazili,1
instanc,1
absolut,1
necessari,1
abil,1
obsolt,1
artifact,1
ignor,1
director,1
creation,1
obsolet,1
docbook,1
determin,1
method,1
sourc,1
exist,1
violat,1
upgrad,1
switch,1
custom,1
compat,1
embedded,1
consid,1
declar,1
technic,1
differenti,1
persist,1
processor,1
option,1
reflect,1
remind,1
awesom,1
delet,0.75
support,0.727272727
call,0.666666667
correctli,0.666666667
collect,0.6
map,0.571428571
configur,0.5
updat,0.5
creat,0.5
deprec,0.5
proxi,0.5
conflict,0.5
multipl,0.5
convert,0.5
discov,0.5
check,0.5
wrong,0.5
add,0.368421053
default,0.333333333
properti,0.333333333
sinc,0.333333333
set,0.2
