pull,0.916666667
request,0.916666667
merg,0.84
branch,0.777777778
attribut,0.5
render,0.5
key,0.5
caus,0.5
failur,0.5
handl,0.5
column,0.5
unus,0.5
tweak,0.5
project,0.5
replac,0.5
error,0.5
tox,0.5
target,0.5
forgot,0.5
templat,0.5
typo,0.5
set,0.4
output,0.4
default,0.333333333
clean,0.333333333
releas,0.272727273
remov,0.263157895
paramet,0.25
collect,0.2
improv,0.166666667
add,0.157894737
test,0.142857143
file,0.125
ad,0.111111111
gener,0.095238095
updat,0.083333333
correct,0.071428571
cleanup,0.038461538
