correct,0.785714286,,delet,0.75,,attribut,0.5,,tweak,0.5
fail,0.75,,support,0.727272727,,render,0.5,,forgot,0.5
warn,0.75,,call,0.666666667,,caus,0.5,,configur,0.5
cleanup,0.692307692,,correctli,0.666666667,,failur,0.5,,,
clean,0.666666667,,collect,0.6,,handl,0.5,,,
chang,0.666666667,,map,0.571428571,,unus,0.5,,,
format,0.666666667,,configur,0.5,,replac,0.5,,,
improv,0.666666667,,updat,0.5,,error,0.5,,,
sinc,0.666666667,,creat,0.5,,tox,0.5,,,
build,0.666666667,,deprec,0.5,,target,0.5,,,
move,0.625,,proxi,0.5,,templat,0.5,,,
guid,0.6,,conflict,0.5,,typo,0.5,,,
gener,0.571428571,,multipl,0.5,,,,,,
render,0.5,,convert,0.5,,,,,,
creat,0.5,,discov,0.5,,,,,,
multipl,0.5,,check,0.5,,,,,,
deprec,0.5,,wrong,0.5,,,,,,
convert,0.5,,add,0.368421053,,,,,,
wrong,0.5,,default,0.333333333,,,,,,
caus,0.5,,properti,0.333333333,,,,,,
templat,0.5,,sinc,0.333333333,,,,,,
conflict,0.5,,set,0.2,,,,,,
failur,0.5,,,,,,,,,
discov,0.5,,,,,,,,,
error,0.5,,,,,,,,,
proxi,0.5,,,,,,,,,
releas,0.454545455,,,,,,,,,
map,0.428571429,,,,,,,,,
remov,0.421052632,,,,,,,,,
updat,0.333333333,,,,,,,,,
call,0.333333333,,,,,,,,,
