merg,0.07142857142857142
branch,0.25
final,0.2
add,0.08333333333333333
support,0.3125
composit,0.4
invers,1.0
overlay,0.5
johann,0.1
schindelin,0.1
method,0.3333333333333333
creat,0.16666666666666666
instanc,0.125
singl,0.14285714285714285
consid,0.1111111111111111
trivial,1.0
call,0.2
increasingli,1.0
necessari,0.5
mani,0.2
inject,0.4444444444444444
context,0.25
prioriti,0.5
modul,0.09090909090909091
implement,0.125
contextu,0.6666666666666666
servic,0.1
provid,0.2222222222222222
easier,0.3333333333333333
imagej,0.16666666666666666
conveni,0.75
util,1.0
class,0.043478260869565216
priorit,1.0
plugin,0.125
optionscompat,0.5
flag,0.5
specifi,0.3333333333333333
legaci,0.5
compat,0.5
mode,1.0
command,0.125
simpl,0.16666666666666666
maven,0.2
pom,0.3333333333333333
appli,0.4444444444444444
proxi,0.5
migrat,0.25
dnd,0.5
handler,0.3333333333333333
convert,0.2
comment,0.14285714285714285
mvp,0.16666666666666666
ginject,1.0
common,0.25
theme,0.2857142857142857
move,0.08695652173913043
iplant,0.3333333333333333
intern,0.0625
anchor,1.0
entityentri,1.0
explor,1.0
idea,0.25
entityentryfactori,1.0
interfac,0.038461538461538464
altern,1.0
optim,0.5
specif,0.18181818181818182
possibl,0.16666666666666666
backward,0.25
version,0.18181818181818182
master,1.0
day,1.0
close,0.3333333333333333
question,0.6
featur,0.1111111111111111
orm,0.125
believ,0.3333333333333333
someth,0.2
mind,0.5
option,0.09090909090909091
jpa,0.23076923076923078
propos,0.3333333333333333
quickli,1.0
essenti,0.5
phase,0.5
tie,0.3333333333333333
redefinit,1.0
current,0.26666666666666666
approach,0.2
visitor,1.0
live,1.0
appreci,1.0
extra,0.5
term,0.2857142857142857
stuff,0.3333333333333333
packag,0.02857142857142857
time,0.09090909090909091
moment,0.5
wrap,0.5
tri,0.18181818181818182
enver,0.6666666666666666
locat,1.0
annot,0.125
exampl,0.14285714285714285
prefer,0.25
achiev,1.0
metamodel,0.3333333333333333
standard,0.2
reflect,0.25
pleas,0.2
lukasz,1.0
steve,0.8333333333333334
ebersol,0.75
whenev,0.5
temporari,1.0
solut,0.3333333333333333
isol,1.0
chang,0.1875
basic,0.375
jaxb,1.0
bind,0.2
model,0.5555555555555556
fri,1.0
aug,1.0
antoniak,1.0
start,0.08333333333333333
accept,0.5
postpon,1.0
jira,1.0
task,0.3333333333333333
alreadi,0.09090909090909091
inform,0.2
eset,1.0
viru,1.0
signatur,0.3333333333333333
databas,0.16666666666666666
messag,0.2
check,0.3333333333333333
gaug,1.0
mar,1.0
christian,1.0
beikov,1.0
sens,0.3333333333333333
mit,1.0
freundlichen,1.0
um,1.0
schrieb,1.0
exactli,1.0
expos,0.6666666666666666
user,0.05
fulli,0.3333333333333333
expect,0.25
contract,0.16666666666666666
held,0.5
normal,0.6666666666666666
rule,1.0
assum,1.0
evolv,0.5
pm,0.5
definit,0.4
api,0.2631578947368421
play,0.5
littl,0.25
notion,0.6666666666666666
navig,0.6923076923076923
domain,0.5
navigablevisitationstrategi,1.0
defin,0.6428571428571429
strategi,0.25
handl,0.14285714285714285
visit,1.0
node,0.6666666666666666
hibern,0.03125
walk,0.8333333333333334
map,0.3076923076923077
control,0.2
entitygraph,0.5
join,0.16666666666666666
joinabl,1.0
reach,1.0
set,0.5
import,0.14285714285714285
note,0.2
preclud,1.0
relat,0.2
type,0.03225806451612903
system,0.2
sane,1.0
variou,0.16666666666666666
reason,0.2
design,0.1111111111111111
gener,0.16666666666666666
public,0.3333333333333333
request,0.25
max,0.5
forget,1.0
quit,0.125
typic,1.0
base,0.09090909090909091
concern,0.3333333333333333
mention,0.3333333333333333
opinion,0.5
becom,0.25
mark,1.0
decid,0.3333333333333333
short,1.0
includ,0.15384615384615385
alway,0.14285714285714285
rel,1.0
naviagblesourc,1.0
extend,0.5
null,0.25
entitypersist,1.0
certainli,0.6666666666666666
follow,0.125
anyon,0.3333333333333333
challeng,1.0
peopl,0.2
potenti,0.5
argument,1.0
describ,0.2
anoth,0.2
thread,0.5
regard,1.0
probabl,0.2
hamper,1.0
runtim,0.25
realli,0.15384615384615385
focu,0.3333333333333333
attent,1.0
feb,1.0
affect,1.0
tool,0.3333333333333333
mostli,0.5
managedtypeimplementor,1.0
cover,1.0
entiti,0.2222222222222222
supertyp,1.0
howev,0.2
persistentclass,1.0
understood,0.5
hope,0.2
minim,0.5
impact,1.0
repres,0.5
managedtypemap,1.0
split,0.06666666666666667
embeddabletypemap,1.0
identifiabletypemap,1.0
entitytypemap,1.0
deprec,0.75
embeddedtypemap,1.0
mapppedsuperclass,1.0
mappedsuperclasstypemap,1.0
hierarchi,0.16666666666666666
fit,0.3333333333333333
void,1.0
super,0.5
persistercreationcontext,1.0
