scratchbook,1.0
tour,1.0
appli,1.0
flat,1.0
form,1.0
refactor,1.0
masthead,1.0
readibl,1.0
view,1.0
extend,1.0
sort,1.0
numer,1.0
previous,1.0
lexic,1.0
sampl,1.0
identifi,1.0
filenam,1.0
revers,1.0
dynam,1.0
forc,1.0
consist,1.0
python,1.0
travi,1.0
revis,1.0
label,1.0
histori,1.0
content,1.0
fulli,1.0
common,1.0
factor,1.0
dict,1.0
import,1.0
attempt,1.0
respect,1.0
jobparam,1.0
hack,1.0
librari,1.0
url,1.0
lint,1.0
ipython,1.0
jupyt,1.0
address,1.0
enforc,1.0
parenthesi,1.0
null,1.0
empti,1.0
bad,1.0
string,1.0
drop,1.0
revisit,1.0
follow,1.0
strict,1.0
leaki,1.0
listento,1.0
rebundl,1.0
post,1.0
makefil,1.0
process,1.0
print,1.0
statement,1.0
