enrich,1
thrown,1
abstractloadplanbuildingassociationvisitationstrategi,1
entitykey,1
sessionfactori,1
noitifi,1
shop,1
incom,1
revis,1
repositori,1
jhotdraw,1
generalpathofinterest,1
bezierpath,1
geometri,1
subtract,1
robustli,1
lean,1
servicepreprocessor,1
desir,1
preprocessor,1
preprocess,1
mere,1
contextplugin,1
facilit,1
execut,1
invoc,1
setcontext,1
programmat,1
downsid,1
dummyscreencaptureservic,1
manifest,1
dummi,1
dummyrenderingservic,1
dummytextrender,1
unsupportedoper,1
directli,1
callback,1
pass,1
reset,1
fileview,1
pref,1
endpoint,1
partial,1
permiss,1
server,1
primarili,1
driven,1
cluster,1
capedwarf,1
ship,1
jipijapa,1
beta,1
stuck,1
island,1
extrem,1
continu,1
maintain,1
graph,1
mon,1
ye,1
radim,1
squeez,1
jpacachestor,1
tricki,1
infinipan,1
entri,1
highli,1
mysql,1
cachestor,1
januari,1
effici,1
replac,1
juli,1
strong,1
liu,1
metadatasourc,1
metadatacontributingintegr,1
hook,1
jul,1
metadataimplementor,1
elasticsearch,1
sooner,1
experiment,1
clearer,1
documentbuild,1
answer,1
brain,1
es,1
capabl,1
nest,1
fieldbridg,1
backend,1
lookup,1
cardin,1
alon,1
bridg,1
indexedembed,1
tree,1
boostrap,1
fieldtyp,1
alloc,1
serial,1
solr,1
walkabl,1
pretti,1
predict,1
path,1
batch,1
skip,1
massindex,1
encod,1
stricter,1
decoupl,1
bidirect,1
target,1
polymorph,1
valuabl,1
rountrip,1
reveres,1
roundtrip,1
stage,1
giong,1
utilt,1
variant,1
conform,1
distinct,1
combin,1
umlresourcebundl,1
analysi,1
resid,1
argoresourcebundl,1
benefit,1
insight,1
pluggabl,1
mechan,1
extern,1
origin,1
howeri,1
upload,1
ultim,1
rewrot,1
argomodul,1
languag,1
commandmemento,1
cyclic,1
fear,1
subsystem,1
cookbook,1
adaptor,1
getpopupact,1
amend,1
properti,0.833333333
field,0.833333333
runnableplugin,0.75
applic,0.75
request,0.75
list,0.75
contribut,0.75
multipl,0.75
schema,0.75
easi,0.714285714
resourc,0.714285714
select,0.666666667
popul,0.666666667
explicitli,0.666666667
process,0.666666667
print,0.666666667
easier,0.666666667
queri,0.666666667
pom,0.666666667
toolbar,0.666666667
pull,0.666666667
nav,0.666666667
wildfli,0.666666667
grinovero,0.666666667
join,0.666666667
product,0.666666667
futur,0.666666667
reus,0.666666667
element,0.666666667
action,0.666666667
follow,0.625
sann,0.625
jar,0.6
metadata,0.6
load,0.6
notat,0.6
add,0.583333333
handl,0.571428571
includ,0.538461538
lucen,0.538461538
abil,0.5
session,0.5
declar,0.5
generalpathoverlay,0.5
tool,0.5
overlay,0.5
color,0.5
instanti,0.5
invok,0.5
respect,0.5
optionsplugin,0.5
optionscompat,0.5
nearli,0.5
report,0.5
renderingservic,0.5
constant,0.5
extract,0.5
button,0.5
disk,0.5
dialog,0.5
dlg,0.5
delet,0.5
mail,0.5
practic,0.5
coupl,0.5
adjust,0.5
advantag,0.5
analyz,0.5
deploy,0.5
whenev,0.5
orm,0.5
slow,0.5
frequent,0.5
optim,0.5
infinispan,0.5
figur,0.5
custom,0.5
db,0.5
emmanuel,0.5
bernard,0.5
super,0.5
understood,0.5
pictur,0.5
piec,0.5
drop,0.5
happi,0.5
evolv,0.5
null,0.5
relat,0.5
built,0.5
text,0.5
dump,0.5
comparison,0.5
strategi,0.5
accur,0.5
oper,0.5
care,0.5
account,0.5
identifi,0.5
disallow,0.5
compos,0.5
trigger,0.5
offer,0.5
real,0.5
aim,0.5
nsuml,0.5
someon,0.5
incorpor,0.5
entir,0.5
finish,0.5
ad,0.473684211
valid,0.454545455
option,0.454545455
servic,0.45
improv,0.428571429
merg,0.428571429
nice,0.428571429
requir,0.428571429
initi,0.416666667
project,0.416666667
messag,0.4
actual,0.4
pleas,0.4
reorg,0.4
composit,0.4
avail,0.4
data,0.4
document,0.4
definit,0.4
wrong,0.4
map,0.384615385
instanc,0.375
hibern,0.375
base,0.363636364
design,0.333333333
emb,0.333333333
interact,0.333333333
perform,0.333333333
construct,0.333333333
remain,0.333333333
public,0.333333333
favor,0.333333333
widget,0.333333333
possibl,0.333333333
releas,0.333333333
verifi,0.333333333
associ,0.333333333
team,0.333333333
attempt,0.333333333
enver,0.333333333
simpl,0.333333333
anyon,0.333333333
ideal,0.333333333
modular,0.333333333
subclass,0.333333333
indexmanag,0.333333333
apach,0.333333333
compat,0.333333333
share,0.333333333
represent,0.333333333
engin,0.333333333
diagram,0.333333333
uml,0.333333333
menu,0.333333333
superclass,0.333333333
fit,0.333333333
descript,0.333333333
support,0.3125
implement,0.3125
annot,0.3125
user,0.3
johann,0.3
schindelin,0.3
alway,0.285714286
factor,0.285714286
theme,0.285714286
updat,0.285714286
integr,0.285714286
plan,0.285714286
sever,0.285714286
comment,0.285714286
singl,0.285714286
search,0.28
specif,0.272727273
sinc,0.272727273
file,0.272727273
tri,0.272727273
modul,0.272727273
class,0.260869565
event,0.25
viewer,0.25
branch,0.25
elimin,0.25
logic,0.25
plugin,0.25
automat,0.25
ui,0.25
deprec,0.25
valu,0.25
grid,0.25
view,0.25
start,0.25
essenti,0.25
quit,0.25
expect,0.25
deal,0.25
runtim,0.25
feel,0.25
littl,0.25
attribut,0.25
potenti,0.25
copi,0.25
becom,0.25
return,0.25
style,0.25
navig,0.230769231
function,0.222222222
featur,0.222222222
entiti,0.222222222
appli,0.222222222
extens,0.214285714
display,0.2
commit,0.2
convert,0.2
colort,0.2
ensur,0.2
call,0.2
easili,0.2
approach,0.2
system,0.2
inform,0.2
maven,0.2
reason,0.2
question,0.2
someth,0.2
embed,0.2
simpli,0.2
standard,0.2
architectur,0.2
hope,0.2
collect,0.2
method,0.19047619
access,0.1875
intern,0.1875
chang,0.1875
alreadi,0.181818182
time,0.181818182
remov,0.176470588
code,0.176470588
creat,0.166666667
imagej,0.166666667
mayb,0.166666667
ogm,0.166666667
variou,0.166666667
domain,0.166666667
walk,0.166666667
hierarchi,0.166666667
api,0.157894737
realli,0.153846154
refactor,0.153846154
depend,0.147058824
tabl,0.142857143
core,0.142857143
addit,0.142857143
object,0.142857143
dialect,0.142857143
exampl,0.142857143
term,0.142857143
content,0.142857143
import,0.142857143
java,0.142857143
abstract,0.142857143
current,0.133333333
type,0.129032258
enabl,0.125
prioriti,0.125
migrat,0.125
extend,0.125
common,0.125
develop,0.125
provid,0.111111111
configur,0.111111111
structur,0.111111111
abl,0.111111111
consid,0.111111111
complet,0.1
issu,0.1
correct,0.1
version,0.090909091
move,0.086956522
gener,0.083333333
jpa,0.076923077
defin,0.071428571
test,0.066666667
split,0.066666667
argo,0.0625
packag,0.057142857
model,0.055555556
renam,0.047619048
interfac,0.038461538
