tabl,1
jpa,1
readm,1
cach,1
region,1
evict,1
happen,1
transact,1
situat,1
data,1
initi,1
svn,1
mode,0.666666667
mako,0.666666667
queri,0.571428571
test,0.545454545
fail,0.5
select,0.5
lock,0.5
set,0.5
typo,0.5
quickstart,0.5
entitygraph,0.5
jpql,0.5
track,0.5
access,0.5
deprec,0.5
proxi,0.5
lazili,0.5
js,0.5
base,0.5
masthead,0.5
grunt,0.5
label,0.5
updat,0.444444444
remov,0.421052632
map,0.333333333
file,0.333333333
releas,0.333333333
improv,0.333333333
gradl,0.333333333
collect,0.333333333
version,0.333333333
obsolet,0.333333333
time,0.333333333
templat,0.333333333
style,0.333333333
gener,0.304347826
build,0.3
pick,0.285714286
add,0.285714286
plan,0.285714286
handlebar,0.285714286
commit,0.272727273
type,0.25
correct,0.25
load,0.25
implement,0.25
spi,0.25
intern,0.25
revert,0.25
session,0.25
hibern,0.25
messag,0.25
cleanup,0.212121212
osgi,0.2
task,0.2
javadoc,0.166666667
move,0.166666667
checkstyl,0.071428571
