move,0.6086956521739131
load,0.4
plan,0.42857142857142855
implement,0.375
spi,1.0
intern,0.6875
gener,0.3333333333333333
build,0.45454545454545453
cleanup,1.0
checkstyl,1.0
renam,0.9523809523809523
delet,0.5
relat,0.3
code,0.7058823529411765
remov,0.7058823529411765
nonflushedchang,1.0
api,0.5263157894736842
integr,0.5
loadplan,0.6666666666666666
collect,0.3
initi,0.3333333333333333
xmlparser,1.0
reflect,0.25
function,0.5555555555555556
histori,0.625
content,0.42857142857142855
fulli,0.3333333333333333
label,1.0
common,0.5
column,1.0
factor,0.5714285714285714
dict,1.0
unus,1.0
import,0.42857142857142855
attempt,0.6666666666666666
respect,0.5
bail,1.0
lack,1.0
config,0.5
rework,1.0
add,0.16666666666666666
test,0.5333333333333333
file,0.45454545454545453
historyascontain,1.0
mixin,1.0
prototyp,0.3333333333333333
separ,0.9090909090909091
manag,0.5
facad,1.0
interfac,0.6923076923076923
class,0.45652173913043476
clean,0.8571428571428571
sourc,1.0
header,0.6666666666666666
style,0.25
document,0.1
shaperoi,1.0
generalpathoverlay,0.5
simplifi,0.5
johann,0.3
schindelin,0.3
polygonfigur,1.0
pointfigur,1.0
reli,0.5
refactor,0.7692307692307693
colort,0.8
detail,1.0
color,0.5
tabl,0.8571428571428571
abstract,0.2857142857142857
exist,0.8333333333333334
base,0.36363636363636365
becam,1.0
reus,0.3333333333333333
client,0.5
abstractcolort,1.0
user,0.4
deal,0.25
awar,1.0
represent,0.6666666666666666
split,0.8666666666666667
eventhistori,1.0
commit,0.6
flesh,1.0
recentfileservic,1.0
windowmenuservic,1.0
windowservic,1.0
uploaderservic,1.0
legacyservic,1.0
samplerservic,1.0
widgetservic,1.0
merg,0.35714285714285715
branch,0.1875
mani,0.8
chief,1.0
runnableplugin,0.25
concis,1.0
imagej,0.6666666666666666
perform,0.5
creat,0.3333333333333333
commandservic,1.0
expos,0.16666666666666666
sever,0.42857142857142855
quirk,1.0
address,0.5
core,0.2857142857142857
plugin,0.5833333333333334
command,0.875
chang,0.5625
greatli,1.0
reduc,0.5
alway,0.2857142857142857
runnabl,1.0
noth,0.5
type,0.25806451612903225
bring,1.0
consist,0.4
subtre,1.0
legacyplugin,1.0
legacycommand,1.0
legacypluginfind,1.0
sinc,0.36363636363636365
term,0.2857142857142857
java,0.21428571428571427
multipl,0.25
equal,0.5
correct,0.2
describ,0.2
discoveri,1.0
legaci,0.5
updateruiplugin,0.5
updaterui,1.0
hope,0.2
properli,0.5
convey,1.0
provid,0.4444444444444444
invokeplugintest,1.0
invokecommandtest,1.0
beef,1.0
includ,0.23076923076923078
exampl,0.42857142857142855
invok,0.5
previewplugin,1.0
preview,1.0
toplevel,1.0
packag,0.7714285714285715
cancel,1.0
iplugin,1.0
imagejplugin,1.0
elimin,0.75
prefix,1.0
favor,0.3333333333333333
accur,0.5
repres,0.5
redund,1.0
option,0.2727272727272727
constructor,1.0
dynamiccommand,1.0
sens,0.6666666666666666
valu,0.5
persist,0.5
storag,1.0
context,0.08333333333333333
set,0.5
ensur,0.4
field,0.08333333333333333
alreadi,0.45454545454545453
finish,0.5
npe,1.0
caus,1.0
addit,0.2857142857142857
pluginservic,1.0
necessit,1.0
servic,0.3
issu,0.4
event,0.4166666666666667
track,1.0
commandinfo,1.0
object,0.35714285714285715
discrep,1.0
method,0.38095238095238093
signatur,0.6666666666666666
similarli,1.0
extend,0.25
return,0.5
simpler,1.0
conveni,0.25
downstream,1.0
portion,1.0
codebas,1.0
updat,0.14285714285714285
val,1.0
variabl,1.0
display,0.2
unedit,1.0
howev,0.4
inform,0.2
potenti,0.25
special,0.5
hierarchi,0.5
remain,0.3333333333333333
refer,0.5
convert,0.4
depend,0.35294117647058826
confus,1.0
result,0.6666666666666666
net,1.0
reduct,1.0
eleg,1.0
analyz,0.5
numer,1.0
close,0.6666666666666666
match,0.5
menu,0.6666666666666666
standard,0.6
creation,1.0
logic,0.5
helper,1.0
log,0.5
statement,0.5
launch,1.0
link,1.0
modul,0.5909090909090909
assign,1.0
enabl,0.25
statu,1.0
info,1.0
xml,0.5
superclass,0.3333333333333333
access,0.3125
easili,0.6
anoth,0.6
subclass,0.6666666666666666
ui,0.25
agnost,1.0
version,0.2727272727272727
string,1.0
previous,0.5
comput,0.5
swing,0.5
contex,1.0
textrender,1.0
renderingservic,0.5
pull,0.3333333333333333
drawingtool,1.0
leav,0.5
tini,1.0
awt,1.0
migrat,0.5
global,1.0
handler,0.3333333333333333
share,0.3333333333333333
mvp,0.6666666666666666
diskresourc,1.0
search,0.32
metadata,0.4
extract,0.16666666666666666
inject,0.1111111111111111
confluenc,1.0
adjust,0.25
rebas,1.0
reconcil,1.0
basic,0.375
structur,0.1111111111111111
panel,1.0
tag,1.0
eas,0.5
theme,0.14285714285714285
comment,0.2857142857142857
submit,1.0
app,1.0
public,0.3333333333333333
submiss,1.0
de,1.0
reorg,0.6
dead,1.0
wire,0.5
consolid,1.0
duplic,0.5
accomplish,1.0
dr,1.0
toolbar,0.3333333333333333
fire,1.0
action,0.3333333333333333
dnd,0.5
grid,0.5
cell,1.0
ad,0.15789473684210525
iplant,0.6666666666666666
dlg,0.5
announc,1.0
valid,0.045454545454545456
gwt,1.0
appli,0.2222222222222222
item,0.25
disk,0.5
resourc,0.2857142857142857
concret,1.0
hibern,0.375
goal,1.0
postfix,1.0
meant,1.0
consid,0.4444444444444444
contract,0.6666666666666666
anyon,0.3333333333333333
decis,1.0
patch,1.0
osgi,0.6666666666666666
descriptor,1.0
export,1.0
strictli,1.0
necessari,0.5
karaf,1.0
blow,1.0
nasti,1.0
error,0.6666666666666666
classload,1.0
trigger,0.5
realli,0.15384615384615385
seal,1.0
classif,1.0
warn,0.5
restructur,0.8333333333333334
road,1.0
spent,1.0
fair,1.0
amount,1.0
time,0.36363636363636365
clearli,0.6666666666666666
ogm,0.5
support,0.0625
program,0.5
intend,0.6666666666666666
peopl,0.2
applic,0.25
top,1.0
note,0.4
jpa,0.3076923076923077
author,1.0
custom,0.16666666666666666
instanc,0.125
write,0.4
dialect,0.7142857142857143
favorit,1.0
nosql,0.5
store,0.2
contribut,0.25
adapt,1.0
news,1.0
ide,1.0
aim,0.5
stabl,1.0
cours,1.0
final,0.4
engin,0.3333333333333333
usag,0.3333333333333333
recogn,1.0
specif,0.09090909090909091
pleas,0.4
decid,0.3333333333333333
promot,1.0
learn,1.0
drop,0.5
ball,1.0
coupl,0.5
complet,0.6
searchfactori,1.0
agre,0.3333333333333333
quit,0.375
read,0.14285714285714285
earlier,1.0
email,0.2
odd,1.0
bootstrap,1.0
scope,0.5
reason,0.3
searchfactoryintegr,1.0
searchfactorybuild,1.0
strang,1.0
bit,0.5
feel,0.5
sann,0.375
idea,0.25
futur,0.3333333333333333
actual,0.1
becom,0.25
understand,0.25
vision,1.0
propos,0.5555555555555556
configur,0.5555555555555556
develop,0.375
proxi,0.5
decor,1.0
default,1.0
defaultgrailsdomainconfigur,1.0
choos,1.0
child,1.0
precis,0.5
play,0.5
generateschemacreationscript,1.0
script,1.0
simpli,0.8
wrap,0.5
design,0.3333333333333333
model,0.2777777777777778
inherit,0.5
root,0.8333333333333334
entiti,0.5555555555555556
push,1.0
pk,1.0
physic,1.0
union,1.0
schema,0.25
tool,0.16666666666666666
gail,1.0
fake,1.0
null,0.25
denormalizedt,1.0
simpl,0.3333333333333333
impl,1.0
binder,1.0
esp,1.0
bind,0.2
steve,0.16666666666666666
ebersol,0.25
current,0.2
fail,0.5
annot,0.0625
compon,0.5
embeddedclass,1.0
map,0.07692307692307693
piec,0.5
hit,1.0
guy,1.0
apr,1.0
pm,0.5
andrea,0.5
boriero,1.0
metamodel,0.16666666666666666
seri,1.0
wrapper,1.0
defin,0.14285714285714285
approach,0.6
runtim,0.5
tie,0.3333333333333333
question,0.2
follow,0.125
expect,0.5
stuff,0.6666666666666666
releas,0.6666666666666666
apach,0.6666666666666666
lucen,0.46153846153846156
wildfli,0.3333333333333333
essenti,0.25
variou,0.5
main,1.0
driver,1.0
infinispan,0.5
sometim,0.25
mission,1.0
imposs,1.0
workaround,1.0
tight,1.0
project,0.25
necessarili,1.0
subset,1.0
independ,0.6
pr,1.0
sound,0.5
opposit,1.0
imagin,1.0
oct,1.0
grinovero,0.3333333333333333
octob,1.0
yoann,1.0
rodier,1.0
besid,1.0
backward,0.5
obviou,1.0
ideal,0.3333333333333333
fourth,1.0
artifact,1.0
deliv,1.0
transit,1.0
guess,0.5
embed,0.8
maven,0.6
reloc,1.0
advertis,1.0
everyth,1.0
relev,1.0
mayb,0.16666666666666666
naiv,1.0
rodir,1.0
noorm,1.0
team,0.3333333333333333
david,1.0
possibl,0.5
select,0.16666666666666666
strategi,0.25
connect,0.5
remot,1.0
jvm,0.5
http,1.0
resteasi,1.0
bolt,1.0
protocol,1.0
librari,0.4
singl,0.14285714285714285
solut,0.3333333333333333
moment,0.5
solv,0.5
requir,0.2857142857142857
opinion,0.5
mail,0.25
list,0.25
nice,0.14285714285714285
intent,0.5
grace,1.0
prefer,0.25
automat,0.75
spatial,1.0
extens,0.35714285714285715
alia,1.0
messag,0.2
explicitli,0.3333333333333333
someon,0.5
featur,0.1111111111111111
abl,0.2222222222222222
practic,0.5
believ,0.6666666666666666
compil,0.1111111111111111
bundl,1.0
orm,0.125
jar,0.2
distribut,1.0
mandatori,1.0
cryptic,1.0
june,1.0
vlad,1.0
mihalcea,1.0
advantag,0.25
queri,0.1111111111111111
drawback,1.0
lib,0.25
major,0.5
involv,0.5
real,0.5
focu,0.6666666666666666
descript,0.3333333333333333
node,0.3333333333333333
mvc,1.0
control,0.6
mostli,0.5
view,0.5
widen,1.0
seper,1.0
gef,1.0
argo,0.75
task,0.3333333333333333
process,0.3333333333333333
start,0.3333333333333333
level,0.5
effort,0.5
modular,0.6666666666666666
lend,1.0
flexibl,1.0
everi,0.3333333333333333
claim,0.5
brute,1.0
forc,1.0
composit,0.2
diamond,1.0
wrong,0.2
diagram,0.16666666666666666
tri,0.09090909090909091
confirm,1.0
misunderstand,1.0
associ,0.3333333333333333
registri,1.0
definit,0.2
frame,1.0
behavior,0.5
forgot,1.0
notat,0.4
respons,0.5
text,0.5
attribut,0.25
sun,1.0
opensourc,1.0
databas,0.3333333333333333
lot,0.5
ibm,1.0
microsoft,1.0
sql,0.5
hyperson,1.0
ms,1.0
entir,0.5
interact,0.3333333333333333
togeth,1.0
architectur,0.4
directori,1.0
layout,1.0
splitter,1.0
quick,1.0
intoduct,1.0
gui,1.0
heavili,1.0
intertwin,1.0
slow,0.5
