dep,1.0
pick,1.0
commit,1.0
otherwis,1.0
tabl,1.0
unionsubclassentitypersist,1.0
quot,1.0
log,1.0
addscalar,1.0
namedsqlqueri,1.0
list,1.0
instanci,1.0
sqlqueryimpl,1.0
testcas,1.0
entitygraph,1.0
inherit,1.0
subgraph,1.0
load,1.0
graph,1.0
jpaoverriddenannotationread,1.0
statisticalloggingsessioneventlisten,1.0
partial,1.0
flush,1.0
unnecessari,1.0
secur,1.0
accessor,1.0
uploaddocument,1.0
stage,1.0
aggreg,1.0
rsync,1.0
metadata,1.0
polymorph,1.0
global,1.0
break,1.0
uc,1.0
fk,1.0
jodatim,1.0
result,1.0
enumer,1.0
attributeconvert,1.0
select,1.0
lock,1.0
mode,1.0
valid,1.0
read,1.0
cursor,1.0
scan,1.0
window,1.0
realli,1.0
actual,1.0
enrich,1.0
thrown,1.0
specif,1.0
pleas,1.0
includ,1.0
alway,1.0
multiselect,1.0
boolean,1.0
predic,1.0
dialect,1.0
doc,1.0
customload,1.0
returntyp,1.0
deducealiasinjectionpoint,1.0
info,1.0
exampl,1.0
user,1.0
loader,1.0
conn,1.0
pool,1.0
filter,1.0
keyword,1.0
classload,1.0
embed,1.0
osgi,1.0
framework,1.0
plan,1.0
write,1.0
discriminatorvalu,1.0
discriminatorcolumn,1.0
combin,1.0
putfromloadvalidatortest,1.0
specifi,1.0
minor,1.0
xml,1.0
tag,1.0
blank,1.0
join,1.0
subclass,1.0
explicitli,1.0
refer,1.0
natur,1.0
turkish,1.0
local,1.0
logic,1.0
mysql,1.0
engin,1.0
constraint,1.0
ddl,1.0
insert,1.0
bigger,1.0
nake,1.0
invalid,1.0
timeout,1.0
putfromload,1.0
unit,1.0
expect,1.0
invalidtekey,1.0
increas,1.0
avoid,1.0
quickstart,1.0
extens,1.0
broken,1.0
firebird,1.0
standarddialectresolv,1.0
implement,1.0
spi,1.0
intern,1.0
servic,1.0
jpql,1.0
oper,1.0
hint,1.0
defin,1.0
cascad,1.0
orphan,1.0
revert,1.0
proxyobject,1.0
sourceset,1.0
manifest,1.0
temporari,1.0
eclips,1.0
jtatransact,1.0
excess,1.0
