"addition of components to issuezilla, which ideally 
enable a user to classify a bug precisely to an area reassign a component, which enables us to have bugs components which are easy to 
trace, reassign a 
component, which enables us to have bugs components which are easy to 
trace", corrective,
"Using this version, I saved a new model and tried to use the Rose 2K XMI import
.... after supplying the uml13.dtd file, rose failed to read the file [with no errors!] :  So, I tried another suggestion - use the IBM ""xmialpha"" toolkit to convert to
and from Rose mdl files and xmi files. Curt Arnold suggested using the IBM toolkit to validate the xmi files produced by argouml.  Anyone got any ideas how to do this? I think that changing Rose's DTD will just dork things. t appears that the IBM and UNISYS files should be compatibile and are consistent with their DTD's. R2K and IBM XMI's use tag names that include the package hierarchy where the ArgoUML file is just uses the class or association name.  The differences are consistent enough that an XSLT conversion should be straight forward, but it definitely looks like a case where ArgoUML is wrong",perfective,perfective
" JDK 1.3 support: probably should be done as a maintenance release to 0.8 on the argo-nsuml branch. Property Pane changes:
I'm still unclear on why there is a JavaDoc panel and how it is represented in the XMI",adaptive,
"what is the motivation behind the restructuring?  Can you give specific instances were the current structure produces complications that could be simplified. get an Argo model of the new structure available for review. e patterned after specific diagram types (diagram/static_structure, diagram/use_case).  There should be no direct interaction between
the panes (interactions should be mediated by the project which listens to selection and navigation events in the specific panes).  For PropPanel and other non-diagram specific code, it may be beneficial to following the package structure in the UML metamodel which is reflected in the NSUML structure. As Marko wrote, this is only a restructuring of the packages. not of the classes of their functionality. So the need for Sam's reverse engeneering and an Argo model is still there. The uci* structure is totally unable of supporting any kind of plug-in or extension model.", corrective,
"The collection of actions returned by getPopupActions can be amended
to remove any Actions that implement this interface.  I'm considering whether to use java 5 style annotations for this. It
is a first for us I think to make use of this feature", perfective,
"any of the current variants of ArgoUML support activity diagrams?  Is there any description and/or links for the various ArgoUML flavors? A base XSLT sheet for each artefact type (.cpp file, .h file, .java, whatever Delphi
classes are called, SQL schema, XML schema) could be provided that people
could tweak for their specific uses.  A base XSLT
sheet for each artefact type (.cpp file, .h file, .java, whatever Delphi
classes are called, SQL schema, XML schema) could be provided that people
could tweak for their specific uses. Maybe a radio button on the tagged value pane would allow you
to direct whether you wanted the tagged value to refer to the association, Also, having the tag name as a combo box with recently
used tag names or tag names that appear elsewhere in the model would be useful. ",perfective,
"To give really valuable integration with an IDE, I feel that unless we were to
offer real rountrip engineering, there would be little point in the integration,  Further to this, I would
suggest the following module:  What I'm trying to get at, is that we shouldn't simply aim for reverese
engineering of code, but full roundtrip engineering.",perfective,
"I've had a look at providing a tree for ArgoUML which provides a description field in a split pane. (as requested in the
ArgoUML JobJar). I've done some code, but thought I should run the ideas past the people  here before I finished it off. What I envisage is the following  I've already
coded this, but haven't looked at replacing current ArgoUML JTrees - any ideas
as a good one to start with? This component could easily provide the ability to
change the orienetation and  visibility of the details pane. Those nodes which wish us to render a descritpion field would have to implement an interface detailsDisplayable as its currently called): To provide the details component, the creation of the tree
model/tree nodes would have to be changed if you wanted to take advanatge of the new functionality - although you don't have to to use the component. Whilst this provides more functionality than was originally requested, it would
give us great future flexibility.",preventive,
"if you can do the GEF-fix without preventing to have multiple views on
one element in one diagram, just do it, since noone had objections to
this. Regarding to multiple Figs .  been working on fixing the cut/paste ModelElement view
 feature in Argo.  a small structural changes seems appropriate.
 I would like to add a new Class.",perfective,
