﻿"addition of components to issuezilla, which ideally ",,,,,,,
"enable a user to classify a bug precisely to an area reassign a component, which enables us to have bugs components which are easy to ",,,,,,,
"trace, reassign a ",,,,,,,
"component, which enables us to have bugs components which are easy to ",,,,,,,
"trace,",,,,,,,
,,,,,,,
,,,,,,,
,,,,,,,
,,,,,,,
,,,,,,,
,,,,,,,
,,,,,,,
,,,,,,,
,,,,,,,
,,,,,,,
,,,,,,,
,,,,,,,
,,,,,,,
,,,,,,,
,,,,,,,
,,,,,,,
,,,,,,,
,,,,,,,
,,,,,,,
,,,,,,,
,,,,,,,
,,,,,,,
,,,,,,,
,,,,,,,
,,,,,,,
,,,,,,,
