gradl,0.666666667
configur,0.666666667
reorg,0.5
abstractloadplanbuildingassociationvisitationstrategi,0.5
annot,0.5
jpql,0.5
revert,0.5
delet,0.5
tool,0.5
orm,0.5
switch,0.5
track,0.5
metadata,0.5
collect,0.333333333
javadoc,0.333333333
move,0.333333333
improv,0.333333333
document,0.333333333
style,0.333333333
chang,0.333333333
sinc,0.333333333
obsolet,0.333333333
ad,0.333333333
plan,0.285714286
commit,0.272727273
support,0.25
load,0.25
implement,0.25
spi,0.25
intern,0.25
type,0.25
messag,0.25
build,0.25
gener,0.217391304
add,0.214285714
test,0.181818182
cleanup,0.181818182
releas,0.166666667
pick,0.142857143
handlebar,0.142857143
correct,0.125
remov,0.105263158
checkstyl,0.071428571
