correct,0.7
entitygraph,0.5
loadplan,0.3333333333333333
support,0.3125
inherit,0.5
subgraph,1.0
test,0.4
hibern,0.21875
osgi,0.3333333333333333
discov,1.0
servic,0.15
cach,1.0
region,1.0
evict,1.0
happen,1.0
transact,1.0
start,0.3333333333333333
deal,0.5
situat,1.0
statist,1.0
queri,0.2222222222222222
outsid,1.0
updat,0.5714285714285714
map,0.23076923076923078
normal,0.3333333333333333
pfer,1.0
data,0.6
access,0.5
current,0.4
issu,0.5
session,0.5
manag,0.5
synchronizationcallbackcoordin,1.0
call,0.6
relax,1.0
synchron,1.0
block,1.0
initi,0.25
superclass,0.3333333333333333
lazili,1.0
correctli,1.0
type,0.5806451612903226
declar,0.5
subtyp,1.0
account,0.5
histori,0.375
content,0.42857142857142855
add,0.16666666666666666
clarifi,1.0
filter,1.0
getter,1.0
merg,0.14285714285714285
branch,0.3125
display,0.6
viewer,0.75
activ,1.0
wrong,0.4
circumst,1.0
swingmdiimagedisplayview,1.0
chosen,1.0
swing,0.5
sdi,1.0
ui,0.5
visibl,1.0
creat,0.3333333333333333
tri,0.45454545454545453
avoid,1.0
cast,1.0
figur,0.5
johann,0.3
schindelin,0.3
behavior,0.5
objectindex,1.0
friend,1.0
seriou,1.0
bug,1.0
object,0.5
natur,1.0
inconsist,1.0
equal,0.5
alway,0.2857142857142857
equival,1.0
sometim,0.75
fail,0.5
ad,0.3684210526315789
anoth,0.2
item,0.75
alreadi,0.2727272727272727
duplic,0.5
sinc,0.36363636363636365
realli,0.5384615384615384
reason,0.3
disallow,0.5
chang,0.0625
worri,1.0
binari,1.0
search,0.4
sortedobjectindex,1.0
match,0.5
busi,1.0
insert,1.0
suppos,1.0
unit,1.0
verifi,0.6666666666666666
complet,0.3
coverag,1.0
edg,1.0
serviceindextest,1.0
mention,0.6666666666666666
stay,1.0
context,0.6666666666666666
includ,0.07692307692307693
sever,0.2857142857142857
enhanc,1.0
comparison,0.5
logic,0.25
sortableplugin,1.0
abstractuidetail,1.0
prioriti,0.375
compar,1.0
base,0.18181818181818182
class,0.2391304347826087
titl,1.0
consid,0.3333333333333333
hashcod,1.0
final,0.4
concern,0.6666666666666666
perform,0.16666666666666666
inject,0.4444444444444444
properli,0.5
option,0.18181818181818182
optionsplugin,0.5
instanc,0.375
reli,0.5
plugin,0.041666666666666664
instanti,0.5
ensur,0.4
contextu,0.3333333333333333
proper,1.0
popul,0.3333333333333333
field,0.08333333333333333
optionplugin,1.0
dynamicplugin,1.0
throw,1.0
barri,1.0
dezonia,1.0
hard,1.0
emerg,1.0
updateruiplugin,0.5
fiji,1.0
wait,1.0
time,0.36363636363636365
remov,0.11764705882352941
interfac,0.23076923076923078
hierarchi,0.16666666666666666
minor,1.0
warn,0.5
messag,0.2
widget,0.6666666666666666
control,0.2
input,1.0
method,0.09523809523809523
dump,0.5
xml,0.5
someth,0.6
goe,1.0
print,0.3333333333333333
stack,1.0
improv,0.5714285714285714
calcul,1.0
view,0.25
specifi,0.6666666666666666
channel,1.0
comput,0.5
min,1.0
max,0.5
previous,0.5
enabl,0.625
fragment,1.0
reduc,0.5
download,1.0
size,1.0
event,0.3333333333333333
refactor,0.07692307692307693
datalink,1.0
mvp,0.16666666666666666
extract,0.3333333333333333
move,0.21739130434782608
packag,0.14285714285714285
gin,1.0
config,0.5
build,0.5454545454545454
error,0.3333333333333333
fav,1.0
style,0.5
grid,0.25
littl,0.5
wire,0.5
care,0.5
structur,0.7777777777777778
nav,0.3333333333333333
vp,1.0
breakout,1.0
adjust,0.25
offset,1.0
factor,0.14285714285714285
comment,0.2857142857142857
desktop,1.0
theme,0.2857142857142857
diskresourceutil,1.0
unnecessari,1.0
level,0.5
log,0.5
client,0.5
suppress,1.0
unsaf,1.0
oper,0.5
detect,1.0
compil,0.8888888888888888
file,0.2727272727272727
modul,0.045454545454545456
fulli,0.3333333333333333
forward,1.0
header,0.3333333333333333
decemb,1.0
hardi,1.0
ferentschik,1.0
imo,1.0
rethink,1.0
describ,0.6
architectur,0.4
especi,1.0
extens,0.42857142857142855
document,0.5
ambigu,1.0
hope,0.4
minim,0.5
effort,0.5
reorgan,1.0
technic,1.0
implement,0.1875
term,0.2857142857142857
exampl,0.2857142857142857
talk,1.0
certainli,0.3333333333333333
frequent,0.5
quit,0.25
mind,0.5
mess,1.0
terminolog,1.0
guess,0.5
email,0.8
speak,1.0
understand,0.75
directoryprovid,1.0
consist,0.6
refer,0.5
agre,0.6666666666666666
rid,1.0
probabl,0.8
review,1.0
user,0.25
actual,0.5
configur,0.3333333333333333
introduc,1.0
indexmanag,0.6666666666666666
notion,0.3333333333333333
backward,0.25
compat,0.16666666666666666
explicit,1.0
accept,0.5
intent,0.5
develop,0.5
collect,0.5
phase,0.5
explain,1.0
howev,0.4
import,0.2857142857142857
tune,1.0
abl,0.6666666666666666
sound,0.5
choic,1.0
deploy,0.5
peopl,0.6
team,0.3333333333333333
variou,0.16666666666666666
major,0.5
spend,1.0
weed,1.0
mayb,0.6666666666666666
everyon,1.0
idea,0.5
migrat,0.125
asciidoc,1.0
broaden,1.0
built,0.5
simplifi,0.5
sensibl,1.0
needless,1.0
impli,1.0
signific,1.0
tempt,1.0
lower,1.0
cost,1.0
happi,0.5
blocker,1.0
btw,1.0
properti,0.16666666666666666
array,1.0
port,1.0
emmanuel,0.5
bernard,0.5
gunnar,1.0
worth,1.0
addit,0.5714285714285714
attribut,0.5
restrict,1.0
shape,1.0
extra,0.5
exchang,1.0
featur,0.5555555555555556
complex,1.0
singl,0.42857142857142855
intern,0.0625
compos,0.5
constraint,1.0
report,0.5
violat,1.0
advantag,0.25
matter,1.0
tast,1.0
prefer,0.5
annot,0.5
readabl,1.0
code,0.11764705882352941
constantli,1.0
read,0.8571428571428571
write,0.6
custom,0.3333333333333333
leav,0.5
exercis,1.0
sampl,1.0
tld,1.0
exclud,1.0
bit,0.5
special,0.5
stumbl,1.0
negat,1.0
common,0.125
subdomain,1.0
basic,0.25
offer,0.5
chose,1.0
pattern,1.0
express,1.0
separ,0.09090909090909091
repli,1.0
thread,0.5
expand,1.0
valid,0.5
extend,0.125
project,0.3333333333333333
design,0.2222222222222222
product,0.3333333333333333
java,0.6428571428571429
web,1.0
respons,0.5
implicitli,1.0
pool,1.0
feel,0.25
prone,1.0
till,1.0
matur,1.0
element,0.3333333333333333
avail,0.6
exist,0.16666666666666666
construct,0.6666666666666666
unic,1.0
databas,0.5
popular,1.0
gener,0.4166666666666667
rest,1.0
librari,0.6
simpl,0.16666666666666666
constant,0.5
battl,1.0
resist,1.0
dark,1.0
job,1.0
gate,1.0
keeper,1.0
deserv,1.0
shot,1.0
knee,1.0
kick,1.0
food,1.0
guidelin,1.0
regexp,1.0
program,0.5
function,0.2222222222222222
flag,0.5
address,0.5
reachabl,1.0
internet,1.0
clearli,0.3333333333333333
mix,1.0
dislik,1.0
lib,0.75
depend,0.5
core,0.5714285714285714
compiletest,1.0
jpa,0.38461538461538464
integr,0.21428571428571427
eas,0.5
noth,0.5
notic,1.0
cycl,1.0
solv,0.5
classpath,1.0
system,0.6
hack,1.0
clean,0.14285714285714285
nice,0.42857142857142855
specif,0.45454545454545453
ant,1.0
jar,0.2
ivi,1.0
promis,1.0
lightweight,1.0
rush,1.0
tackl,1.0
dist,1.0
task,0.3333333333333333
copi,0.75
asid,1.0
independ,0.4
fine,1.0
plain,1.0
se,1.0
easili,0.2
engin,0.3333333333333333
remain,0.3333333333333333
han,1.0
emb,0.6666666666666666
parti,1.0
blend,1.0
usag,0.6666666666666666
smoother,1.0
listen,1.0
auto,1.0
version,0.45454545454545453
abil,0.5
upgrad,1.0
favor,0.3333333333333333
root,0.16666666666666666
chapter,1.0
doc,1.0
plan,0.2857142857142857
appli,0.1111111111111111
week,1.0
websit,1.0
welcom,1.0
commit,0.2
wiki,1.0
note,0.4
decid,0.3333333333333333
becom,0.25
retrofit,1.0
append,1.0
regular,1.0
bind,0.6
preparedstat,1.0
literaltyp,1.0
defin,0.14285714285714285
abstract,0.5714285714285714
handl,0.2857142857142857
handler,0.3333333333333333
thu,1.0
secondari,1.0
check,0.6666666666666666
slower,1.0
danger,1.0
paramet,1.0
store,0.8
held,0.5
weakrefer,1.0
tie,0.3333333333333333
prevent,1.0
garbag,1.0
unload,1.0
success,1.0
isinst,1.0
isassignablefrom,1.0
evalu,1.0
db,0.5
requir,0.2857142857142857
detyp,1.0
domain,0.3333333333333333
outlier,1.0
deem,1.0
valu,0.25
convert,0.2
bindabl,1.0
dialect,0.14285714285714285
createarrayof,1.0
createblob,1.0
createclob,1.0
createnclob,1.0
createsqlxml,1.0
createstruct,1.0
getclientinfo,1.0
getmetadata,1.0
return,0.25
databasemetadata,1.0
statement,0.5
connect,0.5
setclientinfo,1.0
getwarn,1.0
result,0.3333333333333333
gettypemap,1.0
settypemap,1.0
descript,0.3333333333333333
serv,1.0
purpos,1.0
metamodel,0.5
api,0.05263157894736842
fairli,1.0
reflect,0.5
persist,0.5
fit,0.3333333333333333
anywher,1.0
pictur,0.5
concept,1.0
inform,0.4
associ,0.3333333333333333
closer,1.0
javatypedescriptor,1.0
chri,1.0
andrea,0.5
prototyp,0.6666666666666666
ogm,0.3333333333333333
sqltypedescriptor,1.0
mail,0.25
sql,0.5
nosql,0.5
provid,0.2222222222222222
wont,1.0
sqm,1.0
propos,0.1111111111111111
contract,0.16666666666666666
orm,0.25
appropri,1.0
solut,0.3333333333333333
share,0.3333333333333333
underli,1.0
expos,0.16666666666666666
jdbc,1.0
usual,1.0
scope,0.5
lot,0.5
influenc,1.0
join,0.16666666666666666
hipchat,1.0
motiv,1.0
produc,1.0
complic,1.0
argo,0.1875
model,0.1111111111111111
diagram,0.5
direct,1.0
interact,0.3333333333333333
pane,1.0
mediat,1.0
select,0.16666666666666666
navig,0.07692307692307693
everi,0.6666666666666666
claim,0.5
proppanel,1.0
benefici,1.0
follow,0.125
uml,0.6666666666666666
nsuml,0.5
marko,1.0
restructur,0.16666666666666666
revers,1.0
engen,1.0
total,1.0
unabl,1.0
graphic,1.0
individu,1.0
lead,1.0
nearli,0.5
involv,0.5
uci,1.0
strongli,1.0
critic,1.0
prop,1.0
identifi,0.5
compon,0.5
ideal,0.3333333333333333
classifi,1.0
precis,0.5
reassign,1.0
easi,0.2857142857142857
dialog,0.5
clipboard,1.0
button,0.5
jvm,0.5
infom,1.0
intend,0.3333333333333333
someday,1.0
incorpor,0.5
