store,1.0
procedur,1.0
track,1.0
jta,1.0
synch,1.0
registr,1.0
thread,1.0
hibernateutil,1.0
ehcach,1.0
gradl,1.0
regress,1.0
infinispan,1.0
cach,1.0
region,1.0
evict,1.0
transact,1.0
start,1.0
deal,1.0
situat,1.0
statist,1.0
outsid,1.0
normal,1.0
pfer,1.0
data,1.0
access,1.0
current,1.0
issu,1.0
session,1.0
manag,1.0
snapshot,1.0
verifi,1.0
testsuit,1.0
pass,1.0
function,1.0
initi,1.0
renam,1.0
relat,1.0
reorg,1.0
abstractloadplanbuildingassociationvisitationstrategi,1.0
document,1.0
valu,1.0
featur,1.0
coremessagelogg,1.0
synchronizationcallbackcoordin,1.0
fumtest,1.0
hang,1.0
orm,1.0
modul,1.0
metamodel,1.0
asciidoc,1.0
integr,1.0
workflow,1.0
entitykey,1.0
sessionfactori,1.0
nonflushedchang,1.0
api,1.0
consum,1.0
lot,1.0
memori,1.0
synchron,1.0
block,1.0
columnnamecach,1.0
wrap,1.0
unwrap,1.0
int,1.0
integ,1.0
nonnullabletransientdepend,1.0
identitymap,1.0
lazili,1.0
whitespac,1.0
instanc,1.0
absolut,1.0
necessari,1.0
abil,1.0
notifi,1.0
event,1.0
tool,1.0
directori,1.0
noitifi,1.0
obsolt,1.0
artifact,1.0
level,1.0
ignor,1.0
director,1.0
git,1.0
creation,1.0
metamodelgen,1.0
ascidoc,1.0
obsolet,1.0
docbook,1.0
determin,1.0
bean,1.0
method,1.0
return,1.0
sourc,1.0
licens,1.0
header,1.0
lgpl,1.0
tri,1.0
shop,1.0
exist,1.0
violat,1.0
upgrad,1.0
version,1.0
switch,1.0
custom,1.0
runner,1.0
withprocessoropt,1.0
plugin,1.0
compat,1.0
embedded,1.0
superclass,1.0
consid,1.0
declar,1.0
subtyp,1.0
account,1.0
compani,1.0
svn,1.0
technic,1.0
differenti,1.0
persist,1.0
processor,1.0
option,1.0
xmlparser,1.0
reflect,1.0
remind,1.0
spinner,1.0
gif,1.0
font,1.0
awesom,1.0
icon,1.0
