check,1
properti,1
log,1
npe,1
handl,1
convert,1
valid,1
format,1
actual,1
specif,1
doc,1
replac,1
throw,1
entitykey,1
infinispan,1
snapshot,1
creat,1
abil,1
notifi,1
event,1
metamodelgen,1
compat,1
merg,1
pull,1
request,1
python,1
form,1
sort,1
checkstyl,0.857142857
task,0.8
osgi,0.8
hibern,0.75
support,0.75
session,0.75
warn,0.666666667
chang,0.666666667
sinc,0.666666667
ad,0.666666667
file,0.666666667
document,0.666666667
version,0.666666667
correct,0.625
pick,0.571428571
updat,0.555555556
cleanup,0.545454545
entitygraph,0.5
fail,0.5
multipl,0.5
flush,0.5
deprec,0.5
javadoc,0.5
metadata,0.5
select,0.5
lock,0.5
set,0.5
messag,0.5
map,0.5
add,0.5
quickstart,0.5
releas,0.5
proxi,0.5
reorg,0.5
abstractloadplanbuildingassociationvisitationstrategi,0.5
access,0.5
switch,0.5
annot,0.5
orm,0.5
lazili,0.5
tool,0.5
grunt,0.5
js,0.5
base,0.5
masthead,0.5
label,0.5
error,0.5
queri,0.428571429
gener,0.391304348
load,0.375
remov,0.368421053
commit,0.363636364
build,0.35
collect,0.333333333
time,0.333333333
mode,0.333333333
improv,0.333333333
templat,0.333333333
move,0.333333333
configur,0.333333333
obsolet,0.333333333
style,0.333333333
mako,0.333333333
plan,0.285714286
handlebar,0.285714286
test,0.272727273
implement,0.25
spi,0.25
intern,0.25
type,0.25
